file,compressedBytes,rawBytes,compressedSha256,rawSha256
aa-140-router-1/load.jsonl.gz,5502,62851,eb3734e2ad4673ddd897a01f2692087059c8e4314d29cf895dcc2278f3978a10,bf83e24fb908f96a1bfec8512c6a7055c7c94362ff1e6a0ab56f0c101ab95cf4
aa-140-router-1/status.json.gz,471,894,876e2a0d557ae73885bef6dfc55bec7b834dfd04bbec2d6452b764e16beb3ef1,c160332693e2d1d2ead48a8bec69c18e716987daa3a8f2913eee41525213cac0
aa-140-router-2/load.jsonl.gz,5937,53165,5ccd1e7f5bd421064b08bda6622383694009778bb324562f44a4810ceb8c629f,ed7a2a4b97170491be9a001a3f9517ce35b5d60e7f7f4edad3f4e577cd44fc80
aa-140-router-2/status.json.gz,472,894,b876230f64db31664f1ec413d873dea1c53af501ce56a67ec0f2f12cb69ce60b,96311dba33d28310c82421023771490facbedae502d336b9bf85762d3a5a117d
baseline-candidate-focused-140-fuzz-router.test.ts.gz,3091,8846,56dde2d6cc40e62811ef38592e980423c560830c7493f500520ed49b616b49b1,f871da66ae91a29837c977185feb1d8fe84b65d25c52e0e982661f115980efd1
baseline-candidate-focused-140-router-radix.test.ts.gz,2100,8711,0def84f8b4844063276f4ea1e5cba78415619d67df5040ad03d0bc505efacb17,f3ecb212ec8b8752deed05cdfdb2d7c987a0d5c2bfd4df1e92522222a084e063
baseline-fuzz-router.test.ts.gz,3068,8845,71283c0b0cfef7ae5db0ec0641e6829ee7e557892646b6141aeb9b5c0b9fd90f,b83fa4cc90be53954ab42df3a18ec53c482d1be0e44b7278e9d7a2daa7c6e9b2
baseline-router-radix.test.ts.gz,2059,8672,53bcafa98247c36db2f72972f65b656b54eb4cefc1b108f2445b18a51fb200d5,cb7bb2f985edda332a22d1f1fd5d3ef884195de8ed68bd7cd714f0625aabf60b
candidate-142-01.log.gz,1820,4753,ecbe5cd412101b65d2c919bdcd51acb98d71332549b7cdac0bfcd5da20c2fd9a,8f7fe6c8c37b1bcb0e440dc3b52bad5f06c1acb0f91572990663c8fd2508774c
candidate-142-02.log.gz,771,1678,a449825fbae157a7913a84d983c83561d746148f684e7aea53ff195c464dc525,8757aee1b83e072a1ee09d12be4540f180a3ec96494c2479996fb8432a33cab4
candidate-142-03.log.gz,806,1520,858f5c946a5d30459c4dc88bf3e0bcdc4c81a19d489c7a3803c347146b27c7b6,b498893ca8f3344e781c437800415e3550fc6a495aeaf6033a877bce396c5984
candidate-142-04.log.gz,2055,7613,067a6f5f94bd370a1292e5e9516be35199819d59f1bafd709f97a38f724824e7,3e496946ffa2f1b55e38b32cf6ca73b81cc7fbe0317a9ead80ed1129116d6deb
candidate-142-05.log.gz,2033,7759,f0983fa8a77503547cefca2e9629237d1f9b52115f4a83407a46d3cc5cc24666,02932d1e7eafb392b0594ad56399c517dd8e82f4e9db9c514963624bf915e544
candidate-142-06.log.gz,359,725,b70230e021ab82a32afd0d8183d29b6c10cc22f4fe02ff715043e0212c2d692d,72f39a4748d1e9437cd022bffd8ce84b6d2f4c990e7b4c9651e9c1ccf980e761
candidate-142-07.log.gz,532,1403,5b4103cac2018b6eab10cdc4433b640fc42666d4dc9c858ce250635eb85c82b9,b84284ec3c594fe3eeb1a7fca0d50370b7ec51e8258c52d9013aa61d2a13a55d
candidate-focused-140-01.log.gz,1838,4753,0cdd5d0647ce722c448c6460cdfc6ec89892929bae35522d0656678fe817ee12,bc29a460795093b48d184f02018e818c908fdf31a7d5209eca6dd6429cff5d27
candidate-focused-140-02.log.gz,788,1722,8978b1492e300cc2f0ece83ed3f8f95f205f7580c9cf486cec37a9ad22fdea5c,c820f7369e8127ede6b3ff2d73a7461a7ceca6afd4f8820452bc84d94a7115ec
candidate-focused-140-03.log.gz,813,1520,7c58b308a4287660767826a6c3a146ef39bf1d9ed9ea9a0faca9f5f63ceab138,23f87489edfea90d930a39030b2c14bbec1f189fd408ef694875c96afcf142b4
candidate-focused-140-04.log.gz,2064,7673,dda7346fbb39b0f9c94de8fe822c0b968295616186e49a21a8a20b9b308cbcdf,9473ef8d459a1d540ae6c7ecf1a062e2847f73c22ca69f2a2bade63b29c89ac9
candidate-focused-140-05.log.gz,2074,7819,3b5e1468c36a7551f763aea4c4f6570e676cac377ebd8c9547e2cd4ec4235127,af215a950ec6e447bb5294f691896c9d783b5b905044e4e634ad06389fc4a1ac
candidate-focused-140-06.log.gz,81,33,ce64871a36762a3ae17311b707c35b9c5bda877b29d7a42cd95229dd4e67fb8b,793b3289aad460c12104600252941dc521578230c52a1216a8d6668b76629cc3
candidate-focused-140-07.log.gz,106,62,2338f62d88c63dc0a2352eccd9b75ce95b2bf83a0fb17d96da15c88ab925abca,4b9b6e1e86a415bdfe8b288f11f31d7d5da6b41f8843c0b3b7de819f04cc3d9d
candidate-full-140-01.log.gz,131,96,c7c8b85d078582ab91f1a6327bcf2e5fd326f39d7bea2f785b58df4f00d5d6dc,6b967d5903a79402a95bff70213e0bbe8cf0901e06cff7886a30cf9908891087
candidate-full-140-02.log.gz,78,33,f12e11de29d3de85fff9d3b207d892ae85d3ddf155804fb29d4fcfb3ad22bd29,793b3289aad460c12104600252941dc521578230c52a1216a8d6668b76629cc3
candidate-full-140-03.log.gz,103,62,862f97fd9758b331c8d49c7ab2cb687c3b7bb4b2c9ccb4de77f677761db19823,191bd8733136323d298f3770edca2037aebe570709dda4d16c413da344c95cf5
candidate-full-140-04.log.gz,465,2558,c9e698609d9ca04f9fafb0178750dc9cbec8a45a84afc17a1f6c4c9aa867a4cb,d8ec76219a67f21075bb2a0431923bef567670e29d8bd460fba2813d91008c49
candidate-full-140-05.log.gz,27953,118142,04f89aebb6bbf08454cb7d448c521c30cb2fbab07b01df892445bf7bfa4bcd6e,70bff4592466c737200c799be50b458c46f37a5587cd4d5461661ab8b965bd85
candidate-full-140-06.log.gz,334,1075,293943f685d84c25b835e7b82d21c934a2f50947a28c524bc9ef74c207072e9f,889b7fb048651185f9891afd03c89e47c14ae44c13433dd6b9ca6c2d2a508f28
candidate-full-140-07.log.gz,13098,50985,ce6ee5ee46090a1afdadf454ce8ccc7a7549230986da828b2dda4ead94cda06f,8ee2791b6752f78657232ba9240f7a8e71c87a2e4fef86213d3fd93538192985
candidate-full-140-08.log.gz,147,129,1c3d6347a841472fe8ef98c52a564d20d5cedce13ca93232b3b485feb1b8877a,21dc45215a1579fe6ad7344bf6a32b71a4adcd9cc426d60b94ce45a0fbf54f53
candidate-full-140-09.log.gz,166,209,4fc76464e4d3692f9917511dc8612e87804a54706862243e99572bf550a162ca,813a24b9d90a9090a6066ef62c09aa203a5191a6072cac18be040b5b67b01b9f
candidate-full-140-10.log.gz,125,82,f017ac3d0b22489762ec866de4e1fc360b32c2b9febbe2e57b4dab9f4d8ec38d,f01cad12805d8f95972fc8e13f75e9e39231ec4d387cc47f6a9bcfff408fed7b
candidate-full-140-11.log.gz,125,84,a151d31ee439ca114f0399f8ca3e382a98da7b42159177498c562e9f60840b3f,4fbdd388bca1222ae0291e1d18518e74e283b9c9b1c4d23de516f8705438c1b0
candidate-full-142-01.log.gz,132,96,47823593512972199301bb058d1371a6b195c1a32bef3f625a3994340597b9ce,a728b999cc238f613a3f8c9f8d9d03168c060a12f89d3a6c97f5335419f1cd2c
candidate-full-142-02.log.gz,78,33,9538888c412ef4ce68ac698c8a17219f3c36dc756aa0a2787fcb13629cbc7722,793b3289aad460c12104600252941dc521578230c52a1216a8d6668b76629cc3
candidate-full-142-03.log.gz,103,62,c57d5cdfcf6ccf27f6698027f31caab989dc21ee38c2ec7f84abe57437c6c62c,d67c547527d9c11c7999d5d047efa24cbfa7f3d2f298ebbce34ed29b4c5c9390
candidate-full-142-04.log.gz,465,2556,59fa8501b67f8e3f7eac8618f8606fd399a8c03ab61c9a07b5e4a0b7369f4c88,260d00f14bee89f7f9d598b5133456cc8f5c484bea220c9d395c9744592c089d
candidate-full-142-05.log.gz,27893,118087,5b9d77fffffe2fcabb750b1eec8d6d6af97884420ecc0fedebc2db17dc41276b,1194175a3f8efd769eae2c79412d1d2fa4d098bac4034775a6287edf6c402c74
candidate-full-142-06.log.gz,334,1075,84ab27bf9d4e8229e1657b3a2f6a1ea81617431cd0ca9c45e103c758a40c941f,889b7fb048651185f9891afd03c89e47c14ae44c13433dd6b9ca6c2d2a508f28
candidate-full-142-07.log.gz,13090,50997,b13926e69894eba86862fbef1241cd859187fa5517876bdbad97e50b67fa24dc,10f86e8f971cede0daf4aa14770cc19a7d2a9039bdd7c093bff0b52d42b11db0
candidate-full-142-08.log.gz,147,129,82e79376d5cc7a6644844ce7adfefde61694077ee8d956b2bac08df95b5fd73a,21dc45215a1579fe6ad7344bf6a32b71a4adcd9cc426d60b94ce45a0fbf54f53
candidate-full-142-09.log.gz,167,209,e97ffc8de181a6ae5127f384f8e6f37e8745708f2363da2d0aaa4e2797ed5b05,197cf421371440d07fd3f95457b34163a230365ffb63fc3c9ddc26ebc0ebc85b
candidate-full-142-10.log.gz,124,82,06c5bc09a08d799899fe339749e74360e593415740e28145fb73673a4715bc17,50e23d716c8513606f53a4b760ea1513ed1f5b4f9743b7961af895c492f09bc8
candidate-full-142-11.log.gz,125,83,3f70dcb517969cde9c87e0e737487e5f5d197d1fa1b9de3af4cebbf3f1576847,75bae1aa8755874aadb9997481685227a577b2441fc3c6d873e141e63adedfb6
candidate.patch.gz,817,1861,c7c84990da83087ff909d324477f9aabe167b424a02dcb7ae913b8263049e704,e76020d2e5428d4f178f76dd481fb3a6e70a81b639535190929d4d8f522f213c
client-candidate-full-140.js.gz,1786,4929,0c8d6ba92328cbd21c1a21b3fd6f04f34032aaa06d9b526469c160fcecc1e48e,ece7a148d2deac6271cc321325f0d8f2063f9a26cc091c9bac26458b1c022fda
client-candidate-full-142.js.gz,1786,4929,d85ab72c1cccdd2ac0570dd6c79da5a19dea66a9baf2c2bc07c8b03dc8256136,ece7a148d2deac6271cc321325f0d8f2063f9a26cc091c9bac26458b1c022fda
contract-candidate-full-140.js.gz,1229,6102,e1acf58455872a77dea9c39437401ba61ffe361d36830c113886624335dff2de,78cafd8c91a56f31bc909b82874b42879e704bfdd89e5faa085a9890266e1bad
contract-candidate-full-142.js.gz,1225,6100,7c873dae04f3e172479f04d21b948ac0627e81a8c5558e4779c362fc65b683cc,641f00bf4b198d39327254e53d1b5d2113a23bd5edebe0c0d81029f8b25a98e4
final-140-01.log.gz,1831,4755,b99e6fde578ce5188533ea6ca250631f505ed09001c90301259cb3368ded6094,c12ab467aabd1d317711135e3c18044afbb61f1c0b1fa692881e3f3652590264
final-140-02.log.gz,2067,7820,d924781387a311f8af60196bf34b16a56aa4b41d8b5024ec91fa0f3901b3db4e,154252dd9c768f573feba639117606243a37d8ebf1efc3c5731737a5b6d3acb0
final-140-03.log.gz,69,33,dabde5775a3415d55889c5bab9256504bb1876377621533164016f40957830fa,793b3289aad460c12104600252941dc521578230c52a1216a8d6668b76629cc3
final-140-04.log.gz,94,62,7368870c717eb37e3eae7651cde9664ea2d414f57b817d04700b4201af5f5cb2,bb4f6eb3939d17e273c3755b22f281906d5bd3e586a2087764235e068e9f8f42
final-140-05.log.gz,37,0,358295776cf87d207f383583121f20ce91f3af6974dd3bf7b0d74202e0a19bce,e3b0c44298fc1c149afbf4c8996fb92427ae41e4649b934ca495991b7852b855
final-142-01.log.gz,1806,4753,32456f42f5c22de920cd8be3f7828b5ffc2735f158e4e5c9c047300152d28296,4306ec546bec3237e34791df3c4e6576392e3567c1565119faecd4e328648d07
final-142-02.log.gz,2058,7760,e4a710802fba1aaf26abc2e65f99a0671396896985d888fbfa52c95a623e6aa6,9a7db382d9817ce02bb644e52683a5de9231f88046c8a41c57aa9a39c12207bf
final-142-03.log.gz,69,33,968af33808b8584b57b336fba1018ab085eaca9b504f853fb0930104ecbc03ea,793b3289aad460c12104600252941dc521578230c52a1216a8d6668b76629cc3
final-142-04.log.gz,94,62,4f9bd69bc4306bfdf464d5d5dc23b1dd7d05dbe0fbc4748184f5461f42d9c52a,e257772d469b130facc894038aeb8dacaa95a7abfc674d63dc6d208bfedaee79
final-142-05.log.gz,37,0,d97c52714a83c4b9ae896a7061a70d3ff5b9d212fc60387e8efbbcc27f2503d4,e3b0c44298fc1c149afbf4c8996fb92427ae41e4649b934ca495991b7852b855
install-142.log.gz,197,214,9b44f74fa97328a1bc415a828c1816cbc4faa4cead197802061690bc0f57c300,4c4731f072687c2108976e9545b8c93d189162a97150a5b397892863801662c0
