artifact,raw_bytes,raw_sha256,gzip_sha256
aa-140-http-1/load.jsonl.gz,105287,4bbd74faa1ee6b63993662917ab21f73fb84305690ba17739a4a74fcf55ac5a9,1e3dddf27166e887d3e581b45c00c1c9e0bf6638715d0227c4ccdd0dfd1b56e5
aa-140-http-1/status.json.gz,894,4c4777df4a854b8ab417d4f7e5c71f907cf6ff69ef90f77ac97ccc4f1807692f,85f25e7988c5ec8922c9a86ef6d639e8795de57c2c613571a37c046a8c9ea579
aa-140-http-2/load.jsonl.gz,92061,eb17d034005adecfc8d9e302c5bc7b967ab73d85889ce43eb1d3821808027890,746f619b9ab2dd72199ca08a3938538f81cbba7f9c434fb8d9e8d66f7ecd7cc5
aa-140-http-2/status.json.gz,894,c5b3b7a051047dec1d4c6dac22d0f8445423b4509383266850119a0048a6d1f3,953afb526dc058a4a9519abcf80d4b115ee07df3766e6eb5214fc4d4c8587c5f
aa-140-request-1/load.jsonl.gz,90642,5c23220b7737183d62e3bb44ff94710b167559ce04419f7a5ba08ae87a4e1a40,9fed7693dd8681dc3bdc5ce8e46a47ec17df605e556b9c7de2263c66a99cc457
aa-140-request-1/status.json.gz,897,323b6cfae3bd8d92ec2c916bd2d2d4e9bd996d078cbeee7416cb8e0a6f170632,12417687225b9aa0de0c740b851fc9367a08b025cff0d1b1a2a2dcd8373a1b26
aa-140-request-2/load.jsonl.gz,113893,81bfe6151f12fb347b66acdf2d5788593f9ce23cfa8a7c99c130913c644b8327,8e28063fedc2d7cdc4c08a33d68dbce7474e48a31409b0d7b643eb5094fc331a
aa-140-request-2/status.json.gz,897,4ef4a188d8b4bb56b05268ab1797006f0390a880e2d9b2416e034dca81824cbb,959aa48c639cf1dd521b00b25c263a704ea069b36113ee4acc0c1d7fd4dc63fa
baseline-142-00.log.gz,6,b99b4c7cdf236f59bc9f65d963deaecae3b16a7dad87939cacb9057f7664daee,f39dd625e9db5957e52e2c5a610a4266e586b673a4baeaa01d42771b9231482d
baseline-142-01.log.gz,214,a47dea51b9fb9e06e0ec29184df4c5232b0ffac8b81336871b914b75cd9fa2c8,d3a339bc2903f7ab6540a7dda09d0159d47b35fff16b3f8297e8d2a4a6ec54cd
baseline-142-02.log.gz,14385,7ac7ddf38c5797c723dd37d53cefc30439eabd52c0f2dc5d4c3ecb72792379e6,68d4933fcc6cefdac463698613f7fecc90e1bc5d4be83126c3dd11927b9222be
baseline-142-03.log.gz,7613,633965c737f5948b3f2ad3acb44b1c0dabb8154fc95714deeff5ec93b125dcc7,81cead2f6ab5b092af679c2f9cd50fafeb80176811a219c318deaa69558cda63
baseline-142-04.log.gz,7769,9c64b0bab569518fcef6f517f707641ec461b0d3633f2f5190041f3f926b8d2b,66bbb5e7bfec7b78448429da691106bdcf5b972b3176ad1c326c70f8c063abaf
baseline-142-05.log.gz,33,793b3289aad460c12104600252941dc521578230c52a1216a8d6668b76629cc3,847e0a6c3af99fe5faff16528956ac707b306dc4eb005a50802e10765be4108f
baseline-142-06.log.gz,62,2e463226cb891ee55e899b9af7e1d410479cb443f2aabe0a7a0fda5fbde5156a,ee7847bea3f4423278d33509d80d5f9b12160c25b901fef584fa8c27a74d7b66
baseline-142-07.log.gz,0,e3b0c44298fc1c149afbf4c8996fb92427ae41e4649b934ca495991b7852b855,9ceffb7310338057cfe71a4ae1e2c98d2c485d81cdef906532a801f457a38d64
candidate-140-00.log.gz,6,78b591400c56b7b67b8cb3b2b8a8e65e9093897f02ce0878e6b5405c68620fa7,445a72c36e641c1fb208add933d7f2c8e2b1fd7a132253af12a242daed60eda8
candidate-140-01.log.gz,96,9bd639bfacd54c119308d8ffcd8ebca545387c285e9b1f8ef50411a2ec68fb20,69e5807eb1fe4f294ab973e953e91e1df32e1fe766879f549ff4b83064765c4d
candidate-140-02.log.gz,14577,712c0260fc012c71069a723c36365f723bf4ce0cecbce3603b33aa69b9b51d76,dcb1968fcb5cfd2e484c8fe87045c1b09013fb943d4b5aae697481d227c5f9eb
candidate-140-03.log.gz,7673,dd1e1a6e9789126bc6126b2350bdc028356ca17d644ad104aef1e3598b62b78e,481363e606b37be4a8c91be478c2c3f7fac0fdbf0d11172490f752808d740eb8
candidate-140-04.log.gz,7829,e653a2bc703353bea8b8ba34244d588f2d151b9f53319549239b0a64856b963b,71fee6f8cacadddab1b3c1e8b3020dacd13d4315c882f6d79ef2e72548356a81
candidate-140-05.log.gz,33,793b3289aad460c12104600252941dc521578230c52a1216a8d6668b76629cc3,847e0a6c3af99fe5faff16528956ac707b306dc4eb005a50802e10765be4108f
candidate-140-06.log.gz,62,3794a5d268761a681581647dc6d96eb3fa25be5d2076d971a2fc8f4553b70bbb,0acccd2d0bc4cd875f7e97fda8221a0e3b880a122547e1bd9f8421542cb487f8
candidate-140-07.log.gz,2557,534c241db51e4d720890d13635829c05d772a1159fac4eadd9c3994c3e47290c,a6b8198bdd501ebc7e560368310c279f7ed530d62db6b6f10b69688640fd7873
candidate-140-08.log.gz,118641,f45b97cc4e5a99189ea033f8891fb3c507a3d71ec99f47450ddd6d147a49940f,df6237ec65a6567b0fe4155d3099a7f7acbefddbd0d5d5c30d42200782a867f8
candidate-140-09.log.gz,1075,889b7fb048651185f9891afd03c89e47c14ae44c13433dd6b9ca6c2d2a508f28,7fb723e293e103d0e51bed668be9d332c5d16cf0878eaeebbbd04c40a715a675
candidate-140-1/load.jsonl.gz,47345,d9fd58c314fe8b4a6cb0602159e5373278f3d46e398d430bb43a642dc18fe94b,7683daa33dfe7c1f16c529b356cf2ed9dd2248ef5932efa42137514df6bd9c61
candidate-140-1/status.json.gz,707,afd45370c1c1d7ea0dd16db7e8ce092679d9159fdaf54a184984476c28608a30,9850dd6519c92038005f8dd4e958c9526f4da8fb58048057790bc755753a3b0e
candidate-140-10.log.gz,51322,8444fb362caecb165cad4893bc137542c795552885cda8eb13e58b2c663f3f27,da61e246a6a7d8949152187334ba100ab320122b47de98f6cd6c9061eeed2507
candidate-140-11.log.gz,129,b8986c48f7546f785810039c74db57d75d13676b07082e725851a952bab812c2,2f2ca6d0dca3a7cd4ebb22aced5b7ed30a2c9c14f5a87b1d0d3c15009ae3b75d
candidate-140-12.log.gz,210,9173b62e060434565b205a693785f4a3e4eb921b18fe22fa3517a033d026c634,72ef05c41d7381d8251ab55640623f5a0ad438ce2bbaa322c52f406698c1abf1
candidate-140-13.log.gz,87,03aed79cb4e9c7293c0e36735959887484c8ab3321e53f1bc2f1ab07191c4f2b,2aec0afcff5ff67c299a5c16c806e851da4af9ca5d8f2efd7f04f7f5ac0bdc3f
candidate-140-14.log.gz,89,d9ef639b6665ceeba5fa4bed5d3dd87b671b928805381414254738f7cdb53f8f,859b9d32a2d65e547fa7cfc214734313a0a6cf3f08dc125c1083976f1e7c209f
candidate-140-15.log.gz,55,8fd223f93b734c96f2e3881c5b671ed26b159ca845ebb432f54b593460e6b9ae,acca60b64e35906db47f5b895c40518f2abcc7ffe8290d8de75724d1f8fdd9c5
candidate-140-16.log.gz,0,e3b0c44298fc1c149afbf4c8996fb92427ae41e4649b934ca495991b7852b855,9ceffb7310338057cfe71a4ae1e2c98d2c485d81cdef906532a801f457a38d64
candidate-142-00.log.gz,6,b99b4c7cdf236f59bc9f65d963deaecae3b16a7dad87939cacb9057f7664daee,f39dd625e9db5957e52e2c5a610a4266e586b673a4baeaa01d42771b9231482d
candidate-142-01.log.gz,14487,2179a705d6fcb6645211d956f399703ad68e0e2dc6cdd7148d4f6c0a80af6888,339a670437569d9d4b12fe20ab1fcb8cb2870e37044c49b41a7735bdd45fcfa5
candidate-142-02.log.gz,7613,ad4c6feb6779b13ddf2e13dadbb61c311fc7d8a646f412566f7e867e23c2e4dc,ee2c51334be7489027dfe85f15aed5d98f4cbbafd58463b1ad1207867f3bce8b
candidate-142-03.log.gz,7769,e295840bfaed3fbbf822163cdf43a7d14bd2f636cd99683a8cc7e5c3a70aeefc,6d9443a3ecd5ea80cd1ace23acf4221e69df85867ee06285c5aa717a9ab226f2
candidate-142-04.log.gz,33,793b3289aad460c12104600252941dc521578230c52a1216a8d6668b76629cc3,847e0a6c3af99fe5faff16528956ac707b306dc4eb005a50802e10765be4108f
candidate-142-05.log.gz,62,6b8b1a99ee7b58042e99d67e1025f5f366ac848888b3b1f10f94af5b3cca09a1,13beee35e91a6643f6bea1dbdbd827bfffeb585c0e374f6d2e5e28cc4ca09f6d
candidate-142-06.log.gz,2555,c41f56f4ae227d37cd521caaff17ed0969c15c0bd1f9abdfa1936b557b35a5e7,f78af3fab00784bd1e5d47f8c8d62ca7aa1ad4f516cd72ebb6726dcf663a542e
candidate-142-07.log.gz,118536,fc8847c6ace33d93a33784239aa8d8ad5462acaa5b618c17b36fb68051baca16,70ffadd3c4171c42002d0cc34e4f249e67bb9a2452da2ecbd7a9a88387026814
candidate-142-08.log.gz,1075,889b7fb048651185f9891afd03c89e47c14ae44c13433dd6b9ca6c2d2a508f28,7fb723e293e103d0e51bed668be9d332c5d16cf0878eaeebbbd04c40a715a675
candidate-142-09.log.gz,51448,5af65413df5a31a16dacc80225993e5da3488235d6d80d48e7ac65bca6ee959a,1e52c7488391ef98f9a31b8bd33add9cfd7866652f45ef66a2f51d60dc006d79
candidate-142-1/load.jsonl.gz,64911,95e3ba3d6a5204f39a76413de9bbfe2730879cb2d3425a6a2927d73475ad2748,461322a15db3b866776f2f572ea5ae24b5915a4cfa90fff9a3ba1dad1aa62ffd
candidate-142-1/status.json.gz,707,b2a4d9f6c88f54da3a28dfb36ab11c61cc03a5cccd6e5215098f3b2a706e61f0,177a3ce074adfa070cdf5c0146057dcb9101ab54beb4f7dc0a1d61718dea1d93
candidate-142-10.log.gz,129,b8986c48f7546f785810039c74db57d75d13676b07082e725851a952bab812c2,2f2ca6d0dca3a7cd4ebb22aced5b7ed30a2c9c14f5a87b1d0d3c15009ae3b75d
candidate-142-11.log.gz,209,5e7d888d5503655329664fd3942a5c7663f882e6d88161355c9c888d791a1d8e,1a53858ba7326b3093ef043c54b3a3ef172874cb333a391351acd5a7734d0e65
candidate-142-12.log.gz,86,c6cfd4d9439379d82e37a29ee1cdce1c4f0c712077a8aef3ce2ee8e92d0789b7,e90a9a681e8d659616c5ce2a5c1df1cbf83645f60518e4b96a261ff6b3d4aca7
candidate-142-13.log.gz,87,676793a23ae710c8451a9f6725db0e20a3252a2ba4403ee8c6fd23dd60215638,664be517ab5849525a6a8f970dce0cca020e771ed2a3fd7df1a4ca64b77a99ba
candidate-142-14.log.gz,55,8fd223f93b734c96f2e3881c5b671ed26b159ca845ebb432f54b593460e6b9ae,acca60b64e35906db47f5b895c40518f2abcc7ffe8290d8de75724d1f8fdd9c5
candidate-142-15.log.gz,0,e3b0c44298fc1c149afbf4c8996fb92427ae41e4649b934ca495991b7852b855,9ceffb7310338057cfe71a4ae1e2c98d2c485d81cdef906532a801f457a38d64
candidate-142-2/load.jsonl.gz,67779,346d79cfb83fa8b2e3599ab99346cb4091dc3db38350fc3a4e687b4a5c175446,48c5bc7d83f18c17092ade8102c4c1c614ace705bd2059f260d0601e544b8c42
candidate-142-2/status.json.gz,707,052dcae697897e99a45b73b14df6cbbf3d5a140bbff004e739ec20e0a31d5d18,2a3ca75a9d16ff44aac3fe6ff20941100fd78ca9510548af67061102abed93c2
candidate-request.ts.gz,8325,bff174271b43cebb6b4c26808f48d879ea79a315c32fb183ed70f312374faba6,8044e0987859b4fdc0e69a30f4be194455eafb964802639f0d07a0fe549a5448
candidate.patch.gz,1306,3f5155ffe2edd27061f48c4fbbf9d902c157b989f52e31a86ed3d54af9654c8e,6aa4eaaec9cc32b9fb2382c14b353592208bcf984df124e6ec9ff781666e0002
compare-suites.py.gz,573,e90f04414c9b4fccdad247b6cd88e77513561543819fb1ce9e35856cb1951ed2,fe8f640002e09b3fe64d6b59b768cd0215fc4512c5124aaa153c855413294bea
confirm.py.gz,2392,f5eda64ed1c98ff03b55df465821cc0547a6495396a55ec42135e268df56ff29,c19eed7bd6f9b4337cb0473ef8f030d1bdb2e67ab8125952f0e7a04b8000ee11
controls.py.gz,3988,fdfa1a7400df9571be20890f4c251a79bb5239f88f3655c7627e75e9ba3dc594,0ffa9f73d076b5d759b1119904689fc1966ebbf52b2f4b7065686637453a1a43
final-140-00.log.gz,6,78b591400c56b7b67b8cb3b2b8a8e65e9093897f02ce0878e6b5405c68620fa7,445a72c36e641c1fb208add933d7f2c8e2b1fd7a132253af12a242daed60eda8
final-140-01.log.gz,14586,2109bb2887eb049012d026d880c9ffe156c4945491a15f42c7399fe64c24159c,ed61d5699068f0ea86fa4f6b72464d6dcacf35688bacba1a00121acc73825555
final-140-02.log.gz,7675,2649ed449cc9afe6f90aea41c4e6b645904a09724243473c1df669313adcac78,ffc25ed4a719133d307f6480473d707575443d8f31526fc3166380fd19896035
final-140-03.log.gz,7831,586989d8a1640b4dc047cd89ee7bffd80717d99f0c16a25b785cbeffac63e355,78636e88f51e4a73e6d0ae39321fcf1621dab1f1c3ab2d52f31889d6629b8515
final-140-04.log.gz,33,793b3289aad460c12104600252941dc521578230c52a1216a8d6668b76629cc3,847e0a6c3af99fe5faff16528956ac707b306dc4eb005a50802e10765be4108f
final-140-05.log.gz,62,76a23f98dee0771d061ac8a70ad2989cf276e723ac65b108aee6490d55566614,3e96fe41db14b27056ec29cdca2506f5f89c6ea6f3c1ef55bf0481a2651023e9
final-140-06.log.gz,0,e3b0c44298fc1c149afbf4c8996fb92427ae41e4649b934ca495991b7852b855,9ceffb7310338057cfe71a4ae1e2c98d2c485d81cdef906532a801f457a38d64
final-142-00.log.gz,6,b99b4c7cdf236f59bc9f65d963deaecae3b16a7dad87939cacb9057f7664daee,f39dd625e9db5957e52e2c5a610a4266e586b673a4baeaa01d42771b9231482d
final-142-01.log.gz,14479,a9215833033bab3600a876e11bb6b342a9e5453ba57a3826defa6480a2c1b9ca,e2b8ba6a566e516cb798e555f3e03e0755280d86374cd31bb5f1857470e62b56
final-142-02.log.gz,7614,99911c7acc1ed51d77869aaecad5730eb7a08f8b3ae335555c9e81092d912d8a,d3acc2c2bd03a7c248f5539117f9b95438f232b0b142c06ac0b4ec5b535ee227
final-142-03.log.gz,7770,752892e380f1ddbe2471cfc520dac4158f386a85cc1595d7b8d72723de04c695,f518bc20755661e61c403497213ae24847a0c8a3aeba42f9237ea9e7d57f3569
final-142-04.log.gz,33,793b3289aad460c12104600252941dc521578230c52a1216a8d6668b76629cc3,847e0a6c3af99fe5faff16528956ac707b306dc4eb005a50802e10765be4108f
final-142-05.log.gz,62,0f21f6f09a47d655f760c20ea834284b2407bd8699976e1bd7d09ff2592bef8e,235fae454e6b28cfe8b9351ce12d29dfee494c398f9ae2e7800e7c117a2ed363
final-142-06.log.gz,0,e3b0c44298fc1c149afbf4c8996fb92427ae41e4649b934ca495991b7852b855,9ceffb7310338057cfe71a4ae1e2c98d2c485d81cdef906532a801f457a38d64
historical-142/load.jsonl.gz,74359,b60545a10fc08d3f2c8d3d7091bc49c6765721f8401eba6655d47b85f10a6e5d,191b427c01ede66fff4c03eb7c4d43cb1fb3263f0c966a88f4019fd55522fad9
historical-142/status.json.gz,592,7a3c319a39f4cd28e31f1c1749212f77f93bef0e39c710a2c86453e269cb58e7,a32f603918fa24252915fb56a586a63bd3822421fe362de7da3271e2b8a0d1b5
original-request.ts.gz,8267,d114b61800aa05285381395911bb1fb461f005da51cdb71f73d824c2570e74e6,bc962bec31fa5c35093842a6660cc85c31efc20787958cbc6ec1908731078c62
